Thread,Tempo Min,OP/s Max,Tempo Medio,OP/s Medio,Aceleracao
1,6.328968,169655112.335144,6.701284,160503466.555295,1.000000
2,6.315697,170011623.096399,6.670299,161149355.582668,1.004024
3,4.217674,254581491.044643,4.565511,235853884.744733,1.463573
4,3.367576,318847124.400207,3.517798,305391637.303104,1.294834
5,2.797691,383795665.535985,2.957082,363502706.001406,1.190283
6,2.319597,462900093.023430,2.414418,444994885.965153,1.224185
7,1.980507,542155012.273246,2.137764,502978258.589937,1.130301
8,1.785363,601413787.130838,1.884859,570345091.883962,1.133935
