Mensagens de tamanho 8, nao-bloqueantes
0.417144
0.450537
0.411514
0.422648
0.434636
0.449366
0.427603
0.430491
0.425183
0.416753
Mensagens de tamanho 1024, nao-bloqueantes
0.512248
0.491894
0.490928
0.494948
0.484906
0.491488
0.502413
0.498816
0.487459
0.488902
Mensagens de tamanho 4096, nao-bloqueantes
1.605966
1.611080
1.607949
1.624777
1.607693
1.613361
1.614290
1.583577
1.605140
1.593287
Mensagens de tamanho 16384, nao-bloqueantes
2.777514
2.752523
2.719719
2.734782
2.772746
2.793074
2.739310
2.750118
2.751028
2.730774
