Mensagens de tamanho 8, bloqueantes
0.443414
0.429818
0.430120
0.410483
0.423581
0.454784
0.390019
0.431042
0.419490
0.449968
Mensagens de tamanho 1024, bloqueantes
0.491564
0.493761
0.493402
0.496408
0.503417
0.506739
0.493143
0.490248
0.493817
0.500737
Mensagens de tamanho 4096, bloqueantes
1.601634
1.571775
1.625714
1.599248
1.615149
1.616246
1.622024
1.642506
1.618428
1.594579
Mensagens de tamanho 16384, bloqueantes
2.819457
2.742719
2.754783
2.739206
2.766436
2.745057
2.760657
2.721757
2.725737
2.750691
