Mensagens de tamanho 8, bloqueantes
0.773604
1.015278
0.989728
0.906987
0.964660
0.938036
0.954933
0.852544
0.999478
0.629284
Mensagens de tamanho 1024, bloqueantes
1.250636
1.245943
1.130689
1.306376
1.283009
1.529889
1.296753
1.312271
1.349657
0.598972
Mensagens de tamanho 4096, bloqueantes
2.152946
2.265583
2.232514
2.096101
2.099516
2.145207
2.189625
2.169922
2.105952
2.154795
Mensagens de tamanho 16384, bloqueantes
3.232712
2.680333
2.751570
2.810457
2.976601
2.826990
2.774356
2.824817
2.870618
2.796066
